time,ndvi
2005-01-01,0.29734159037640856
2005-01-17,0.5318053416447037
2005-02-02,0.5698903320151313
2005-02-18,0.6033956284523202
2005-03-06,0.6538718440756042
2005-03-22,0.7716306474868047
2005-04-07,0.643925214346886
2005-04-23,0.6555629526762058
2005-05-09,0.6889471565301328
2005-05-25,0.6131325062551123
2005-06-10,0.5815690403822793
2005-06-26,0.4718366197755598
2005-07-12,0.32914004386567897
2005-07-28,0.23225921830957882
2005-08-13,0.21965220278211234
2005-08-29,0.13220561955870935
2005-09-14,0.1604674142358505
2005-09-30,0.12875422041903598
2005-10-16,0.1253074567787138
2005-11-01,0.18780894753016933
2005-11-17,0.15940248435394927
2005-12-03,0.2706640538154077
2005-12-19,0.3306344037457708
2006-01-04,0.42832010198783693
2006-01-20,0.3603920671619234
2006-02-05,0.5166696459176707
2006-02-21,0.599907578053526
2006-03-09,0.7019951986333004
2006-03-25,0.6878695292319182
2006-04-10,0.7388200819481372
2006-04-26,0.6925053870097788
2006-05-12,0.6670642508551302
2006-05-28,0.5654498406560142
2006-06-13,0.5312353380296898
2006-06-29,0.4651039602051644
2006-07-15,0.37297897234218
2006-07-31,0.29020190077924524
2006-08-16,0.1865888743564915
2006-09-01,0.09143220117279123
2006-09-17,0.0772331290815116
2006-10-03,0.10643148737301922
2006-10-19,0.06223682453324089
2006-11-04,0.16940077782947896
2006-11-20,0.244381421474076
2006-12-06,0.16445532223042703
2006-12-22,0.3933994187360548
2007-01-07,0.3818154440105554
2007-01-23,0.5224236323911964
2007-02-08,0.6140270316385805
2007-02-24,0.6113553422169326
2007-03-12,0.6200082358828694
2007-03-28,0.6728290027084047
2007-04-13,0.7089194003859318
2007-04-29,0.67801255729128
2007-05-15,0.5980530140332441
2007-05-31,0.6259960163359447
2007-06-16,0.4957371146710093
2007-07-02,0.4688866004841083
2007-07-18,0.33857020323206444
2007-08-03,0.3132524038050494
2007-08-19,0.17575891255575724
2007-09-04,0.13923791182861914
2007-09-20,0.15498869245106026
2007-10-06,0.18343138239695028
2007-10-22,0.1148984348891189
2007-11-07,0.11024711472335205
2007-11-23,0.10707689128219235
2007-12-09,0.1422952705359759
2007-12-25,0.279948994125949
2008-01-10,0.4944597012680855
2008-01-26,0.43189438823046616
2008-02-11,0.4510686084219414
2008-02-27,0.6230693993442702
2008-03-14,0.7247387464673596
2008-03-30,0.6612706132687823
2008-04-15,0.6930303295562285
2008-05-01,0.6743984468618726
2008-05-17,0.5788539395314656
2008-06-02,0.5772633903676438
2008-06-18,0.6000364635564561
2008-07-04,0.5541574839157795
2008-07-20,0.29789131908240096
2008-08-05,0.3952005758020046
2008-08-21,0.23070327290875225
2008-09-06,0.1583856652169101
2008-09-22,0.04690738923166632
2008-10-08,-0.0169971954287233
2008-10-24,0.17396880336163242
2008-11-09,0.13414574772093232
2008-11-25,0.19108003115994687
2008-12-11,0.2733842831001176
2008-12-27,0.3668996041113473
2009-01-12,0.4388977823943222
2009-01-28,0.4271042680046424
2009-02-13,0.4914311319547526
2009-03-01,0.5801970970112563
2009-03-17,0.7126157677616619
2009-04-02,0.6759280782341052
2009-04-18,0.6462618946744252
2009-05-04,0.7156195521611728
2009-05-20,0.5785776816240775
2009-06-05,0.5847146985534674
2009-06-21,0.5353206347625428
2009-07-07,0.4426176957999714
2009-07-23,0.3801689936272313
2009-08-08,0.2713798078152475
2009-08-24,0.27121001785780563
2009-09-09,0.225197461122344
2009-09-25,0.12619765931466012
2009-10-11,0.19918428618087958
2009-10-27,0.10605815293664567
2009-11-12,0.14698874423905894
2009-11-28,0.10875663492100811
2009-12-14,0.2152662686314816
2009-12-30,0.27786027218718756
2010-01-15,0.36285916147742914
2010-01-31,0.43360851263439126
2010-02-16,0.47686356002513247
2010-03-04,0.6339474475061041
2010-03-20,0.6531645837136012
2010-04-05,0.7216984168190442
2010-04-21,0.6904225678926711
2010-05-07,0.6229364035405504
2010-05-23,0.617770232358695
2010-06-08,0.5878404441886323
2010-06-24,0.5120001268641187
2010-07-10,0.4474773047862464
2010-07-26,0.45846272782847564
2010-08-11,0.18631044807913522
2010-08-27,0.16180008958827455
2010-09-12,0.16047976747084586
2010-09-28,0.15990155896546973
2010-10-14,0.15680126607997583
2010-10-30,0.06985561230003295
2010-11-15,0.14049100477161677
2010-12-01,0.2287245972376678
2010-12-17,0.27450114765622585
2011-01-02,0.35202683371255494
2011-01-18,0.3259602159252448
2011-02-03,0.578362568183596
2011-02-19,0.5705780305679053
2011-03-07,0.6025568323424909
2011-03-23,0.7059503610450641
2011-04-08,0.696866443942464
2011-04-24,0.6789512207297026
2011-05-10,0.668762602541807
2011-05-26,0.7323803117952147
2011-06-11,0.5766301997215426
2011-06-27,0.5682015499458726
2011-07-13,0.4361497055971301
2011-07-29,0.3474853077501836
2011-08-14,0.3259449858921013
2011-08-30,0.23120577825848188
2011-09-15,0.13432366450029004
2011-10-01,0.11370997703868677
2011-10-17,0.07537916885077864
2011-11-02,0.0908428114488794
2011-11-18,0.1652346308219122
2011-12-04,0.24066901685389558
2011-12-20,0.1665536665693593
2012-01-05,0.27475427491135834
2012-01-21,0.417062607549891
2012-02-06,0.3433193421824144
2012-02-22,0.5580868460729593
2012-03-09,0.6098514949249324
2012-03-25,0.6703321238667261
2012-04-10,0.6708569726873987
2012-04-26,0.7237467812088886
2012-05-12,0.652714405324305
2012-05-28,0.6675295780468828
2012-06-13,0.5994280745285564
2012-06-29,0.43586661216598543
2012-07-15,0.36418271413448555
2012-07-31,0.36734414965345047
2012-08-16,0.31571273325441473
2012-09-01,0.23793183278772656
2012-09-17,0.1646354757262949
2012-10-03,0.14593825114529596
2012-10-19,0.11596438644585204
2012-11-04,0.07941292711470538
2012-11-20,0.16342873209437786
2012-12-06,0.1526148155375536
2012-12-22,0.2779063561668009
2013-01-07,0.34803911846794267
2013-01-23,0.3892317069909633
2013-02-08,0.4356374870275974
2013-02-24,0.5128374795435411
2013-03-12,0.6273040246858219
2013-03-28,0.6098071704719238
2013-04-13,0.6196324641820279
2013-04-29,0.6954809866299837
2013-05-15,0.6790763770087562
2013-05-31,0.5545102781940203
2013-06-16,0.5789479233857129
2013-07-02,0.5121900066046544
2013-07-18,0.5312990118155748
2013-08-03,0.3594220487144769
2013-08-19,0.2802103893379231
2013-09-04,0.2586690022796366
2013-09-20,0.05547153097343205
2013-10-06,0.1314261535280547
2013-10-22,0.14137510739521514
2013-11-07,0.09987896634053531
2013-11-23,0.1700015582639579
2013-12-09,0.18083916138253656
2013-12-25,0.29484378774870396
2014-01-10,0.2789440240422158
2014-01-26,0.48920575960089857
2014-02-11,0.4379928886709706
2014-02-27,0.5943416911510073
2014-03-15,0.5674798687536857
2014-03-31,0.6518667230474419
2014-04-16,0.7112567348652161
2014-05-02,0.6346012640750875
2014-05-18,0.7541605077051081
2014-06-03,0.708286623068262
2014-06-19,0.656417580227032
2014-07-05,0.5261032900359001
2014-07-21,0.46267115570508444
2014-08-06,0.40938568006708065
2014-08-22,0.32159049222668123
2014-09-07,0.20518674040576157
2014-09-23,0.16174387639529114
2014-10-09,0.16441331078200325
2014-10-25,0.22514889923060244
2014-11-10,0.08973956157118804
2014-11-26,0.1536895702293778
2014-12-12,0.23394870016714586
2014-12-28,0.2480424285455167
2015-01-13,0.2873024599412359
2015-01-29,0.4300181585982385
2015-02-14,0.4804742024628309
2015-03-02,0.5087517848519962
2015-03-18,0.6167513221877161
2015-04-03,0.6839179559484901
2015-04-19,0.655179053674546
2015-05-05,0.6991309926255229
2015-05-21,0.7351672454655179
2015-06-06,0.6171560141331304
2015-06-22,0.5712084863980161
2015-07-08,0.5275841209397647
2015-07-24,0.46397116721929993
2015-08-09,0.31323439208963244
2015-08-25,0.27612458438675463
2015-09-10,0.1251257615623097
2015-09-26,0.11893164538157364
2015-10-12,0.1509319998159353
2015-10-28,0.15850303429570278
2015-11-13,0.09810419157784322
2015-11-29,0.17790656993321857
2015-12-15,0.15905948049332108
2015-12-31,0.24378750269024402
2016-01-16,0.4009985035017848
2016-02-01,0.41422487960241144
2016-02-17,0.42216415297256676
2016-03-04,0.5628969323011053
2016-03-20,0.6127978883463889
2016-04-05,0.7060608502697141
2016-04-21,0.7469688476669223
2016-05-07,0.6807744179756116
2016-05-23,0.6824992555223225
2016-06-08,0.5490920997737733
2016-06-24,0.587002446116465
2016-07-10,0.5073701224081618
2016-07-26,0.45267572520667526
2016-08-11,0.3328010215972832
2016-08-27,0.24062554439653216
2016-09-12,0.2680434645417116
2016-09-28,0.12998647461394963
2016-10-14,0.18248304969119672
2016-10-30,0.06221639787286801
2016-11-15,0.03430199724477731
2016-12-01,0.14446029375145958
2016-12-17,0.1890430843204776
2017-01-02,0.22154613174677718
2017-01-18,0.35762982689208384
2017-02-03,0.3910493647948129
2017-02-19,0.5956763337668075
2017-03-07,0.5483660395873431
2017-03-23,0.5424725383223099
2017-04-08,0.6652800127829642
2017-04-24,0.711770460183157
2017-05-10,0.7581827343589526
2017-05-26,0.7298509025764993
2017-06-11,0.6440481083593965
2017-06-27,0.6200224380328815
2017-07-13,0.49411862385856253
2017-07-29,0.43891956338265176
2017-08-14,0.3001526990819277
2017-08-30,0.3310611304373845
2017-09-15,0.1629304846496625
2017-10-01,0.18318448221302955
2017-10-17,0.12847470949324072
2017-11-02,0.10649770079804734
2017-11-18,0.22658741780007186
2017-12-04,0.1502075201654891
2017-12-20,0.16062471874034703
2018-01-05,0.3703177459469025
2018-01-21,0.3318398011090487
2018-02-06,0.34937032499410803
2018-02-22,0.44328728398624595
2018-03-10,0.5158933666693765
2018-03-26,0.7244559462446029
2018-04-11,0.7437701372915153
2018-04-27,0.6862287176408813
2018-05-13,0.7189750513975125
2018-05-29,0.7500590279973044
2018-06-14,0.6537843446289641
2018-06-30,0.5542365803088031
2018-07-16,0.5122043435486817
2018-08-01,0.38205953336780935
2018-08-17,0.40051938642326984
2018-09-02,0.36490575642929707
2018-09-18,0.2617937643599959
2018-10-04,0.14233950189700556
2018-10-20,0.10189273126766171
2018-11-05,0.1140596287034084
2018-11-21,0.14657571846238288
2018-12-07,0.14374158901588982
2018-12-23,0.201294920884119
2019-01-08,0.23636259986431266
2019-01-24,0.3409725751061853
2019-02-09,0.39523804934182993
2019-02-25,0.5426526150889668
2019-03-13,0.5092886372958844
2019-03-29,0.6369570156982691
2019-04-14,0.6998896192824416
2019-04-30,0.737437950511091
2019-05-16,0.6489656172785713
2019-06-01,0.6792796791370729
2019-06-17,0.686175149044888
2019-07-03,0.5969588398182644
2019-07-19,0.4483980395783698
2019-08-04,0.48712870011076626
2019-08-20,0.32585926395162496
2019-09-05,0.3264217379963466
2019-09-21,0.21096531340272348
2019-10-07,0.018834869144754268
2019-10-23,0.03507647885213333
2019-11-08,0.02403931578381195
2019-11-24,0.1951612451202074
2019-12-10,0.12564924634205965
2019-12-26,0.17390954388312557
2020-01-11,0.1765431057736716
2020-01-27,0.3492417839276524
2020-02-12,0.34691606421312343
2020-02-28,0.5350706623725314
2020-03-15,0.5958552166341151
2020-03-31,0.6852283769585068
2020-04-16,0.7032444235716375
2020-05-02,0.7252605427642087
2020-05-18,0.723382130913769
2020-06-03,0.6994190686994718
2020-06-19,0.7880122712659411
2020-07-05,0.5978453754416025
2020-07-21,0.5224331935219609
2020-08-06,0.4528749518165202
2020-08-22,0.41962925495395165
2020-09-07,0.2805716724550892
2020-09-23,0.271219932409989
2020-10-09,0.15080432217070688
2020-10-25,0.1048481566502169
2020-11-10,0.18759248144617463
2020-11-26,0.07331549858974462
2020-12-12,0.15817002432982877
2020-12-28,0.2021768589364203
2021-01-13,0.24724846298203895
2021-01-29,0.3016153989377904
2021-02-14,0.3268647038275767
2021-03-02,0.44972730761311763
2021-03-18,0.5340918156750378
2021-04-03,0.7130391882420277
2021-04-19,0.6492363796864761
2021-05-05,0.7814463575232463
2021-05-21,0.7522411768604448
2021-06-06,0.7463754810214377
2021-06-22,0.6490600890727224
2021-07-08,0.5931159402556018
2021-07-24,0.4655866402875384
2021-08-09,0.4770058075942395
2021-08-25,0.40590275846766954
2021-09-10,0.31994281497845983
2021-09-26,0.18150996782555312
2021-10-12,0.14576788437524507
2021-10-28,0.10165210925701408
2021-11-13,0.07204858805446758
2021-11-29,0.14271258828285088
2021-12-15,0.07112634788996859
2021-12-31,0.13936770784985725
2022-01-16,0.21505381776810373
2022-02-01,0.3179655702071534
2022-02-17,0.3689965806041229
2022-03-05,0.6521826662169504
2022-03-21,0.5518999106652628
2022-04-06,0.6069426086547235
2022-04-22,0.615542420730987
2022-05-08,0.7389427288938593
2022-05-24,0.6777498876121445
2022-06-09,0.6018956120550196
2022-06-25,0.6508358946538829
2022-07-11,0.6095667116308102
2022-07-27,0.4522318712729733
2022-08-12,0.4349095908623226
2022-08-28,0.36017466177751883
2022-09-13,0.29422391582681073
2022-09-29,0.29011845212406034
2022-10-15,0.18331116161264388
2022-10-31,0.06363264414121583
2022-11-16,0.18376711464033318
2022-12-02,-0.012825763632382234
2022-12-18,0.11314456499297357
2023-01-03,0.15842870004313925
2023-01-19,0.17496745626240753
2023-02-04,0.2515353554532131
2023-02-20,0.4717287151592342
2023-03-08,0.5072420603499366
2023-03-24,0.49365776073395073
2023-04-09,0.6575555753173891
2023-04-25,0.6352187265636633
2023-05-11,0.7269682792074768
2023-05-27,0.6463128436366591
2023-06-12,0.6593377036719938
2023-06-28,0.6221900917134454
2023-07-14,0.6208804637933631
2023-07-30,0.5282264491753019
2023-08-15,0.33406603521241035
2023-08-31,0.34771213099705983
2023-09-16,0.16377925986013242
2023-10-02,0.25499442503883185
2023-10-18,0.11835006815646826
2023-11-03,0.04604138012948991
2023-11-19,0.14087326663300967
2023-12-05,0.061351504948413904
2023-12-21,0.09777996077029522
2024-01-06,0.14333786947386684
2024-01-22,0.24175497453177142
2024-02-07,0.24216922172544092
2024-02-23,0.38576796879694114
2024-03-10,0.42791460810590376
2024-03-26,0.546182360926197
2024-04-11,0.5387990847303323
2024-04-27,0.6475231919553385
2024-05-13,0.7881166392366508
2024-05-29,0.6791536711021016
2024-06-14,0.706304799804856
2024-06-30,0.690127458845945
2024-07-16,0.568912053326591
2024-08-01,0.5841868520797798
2024-08-17,0.4515692821095077
2024-09-02,0.3667686945995141
2024-09-18,0.2221338953600896
2024-10-04,0.17155860305985898
2024-10-20,0.15192416980369208
2024-11-05,0.07760073416434343
2024-11-21,0.15726058980529378
2024-12-07,0.11855060521316077
2024-12-23,0.18301140822637618
